Workbook

Sheet 📋 Data Entry
A1: PACKAGING COMMUNICATION HIERARCHY STUDY — Data Entry
A2: Show pack for 5 seconds → hide → ask Q1-Q11 → record answers below. Brands: AP = Asian Paints | BO = Birla Opus | DP = Dulux Paints | JSW = JSW Paints
A3: PROFILE | H3: BRAND & PRODUCT RECALL | L3: BENEFIT RECALL | N3: EASE | O3: NOTICE ORDER | R3: COMM. EFFECTIVENESS
A4: # | B4: Name | C4: Date | D4: City | E4: Paint buyer? | F4: Respondent type | G4: Brand shown | H4: Q1 Brand recalled | I4: Brand correct? | J4: Q2 Product type | K4: Product correct? | L4: Q3 Benefit recalled | M4: Benefit score | N4: Q4 Ease (1-5) | O4: Q5 Noticed 1st | P4: Q6 Noticed 2nd | Q4: Q7 Noticed 3rd | R4: Q8 Confidence (1-5) | S4: Q9 Info overload (1-5) | T4: Q10 Confusing info | U4: Q11 Purchase intent (1-5)
A5: 1 | B5: Meera Malhotra | C5: 07-May-2025 | D5: Nagpur | E5: Yes | F5: Contractor | G5: DP | H5: Birla Opus | I5: No | J5: Exterior Paint | K5: Yes | L5: Water resistance | M5: 3 | N5: 3 | O5: Usage Instructions | P5: Product Name | Q5: Colour Swatch | R5: 3 | S5: 3 | T5: Product naming complex | U5: 5
A6: 2 | B6: Arjun Desai | C6: 02-Apr-2025 | D6: Chennai | E6: Yes | F6: Consumer | G6: BO | H6: Birla Opus | I6: Yes | J6: Wall Putty | K6: Yes | L6: UV protection | M6: 5 | N6: 5 | O6: Warranty Badge | P6: Feature Claims | Q6: Eco Certifications | R6: 5 | S6: 3 | T6: Multiple finish levels confusing | U6: 4
A7: 3 | B7: Kiran Pillai | C7: 10-May-2025 | D7: Hyderabad | E7: Yes | F7: Dealer | G7: BO | H7: Birla Opus | I7: Yes | J7: Exterior Emulsion | K7: Yes | L7: 7-year warranty | M7: 3 | N7: 5 | O7: Pack Size | P7: Warranty Badge | Q7: Finish Level Icon | R7: 3 | S7: 1 | T7: No confusion reported | U7: 5
A8: 4 | B8: Mohan Shah | C8: 02-Mar-2025 | D8: Lucknow | E8: Yes | F8: Consumer | G8: JSW | H8: JSW Paints | I8: Yes | J8: Colour-Change Primer | K8: No | L8: Any Colour One Price | M8: 4 | N8: 2 | O8: Feature Claims | P8: Usage Instructions | Q8: Warranty Badge | R8: 4 | S8: 2 | T8: No confusion reported | U8: 4
A9: 5 | B9: Meera Verma | C9: 27-May-2025 | D9: Kolkata | E9: Yes | F9: Dealer | G9: DP | H9: Dulux Paints | I9: Yes | J9: Primer | K9: No | L9: Global quality standard | M9: 3 | N9: 3 | O9: Eco Certifications | P9: Price Info | Q9: Finish Level Icon | R9: 4 | S9: 2 | T9: No confusion reported | U9: 5
A10: 6 | B10: Pooja Desai | C10: 15-Mar-2025 | D10: Ahmedabad | E10: Yes | F10: Consumer | G10: AP | H10: Asian Paints | I10: Yes | J10: Interior Emulsion | K10: Yes | L10: 6-year warranty | M10: 3 | N10: 3 | O10: Warranty Badge | P10: Finish Level Icon | Q10: Usage Instructions | R10: 3 | S10: 2 | T10: No confusion reported | U10: 3
A11: 7 | B11: Bharat Singh | C11: 27-May-2025 | D11: Lucknow | E11: Yes | F11: Consumer | G11: AP | H11: Asian Paints | I11: Yes | J11: Interior Emulsion | K11: Yes | L11: Stain resistance | M11: 3 | N11: 3 | O11: Pack Size | P11: Brand Name | Q11: Product Name | R11: 3 | S11: 1 | T11: No confusion reported | U11: 4
A12: 8 | B12: Priya Iyer | C12: 08-May-2025 | D12: Kolkata | E12: Yes | F12: Dealer | G12: BO | H12: Birla Opus | I12: Yes | J12: Exterior Emulsion | K12: No | L12: Dust resistance | M12: 3 | N12: 4 | O12: Feature Claims | P12: Usage Instructions | Q12: Finish Level Icon | R12: 4 | S12: 3 | T12: Technical claims | U12: 5
A13: 9 | B13: Deepak Yadav | C13: 04-Apr-2025 | D13: Delhi | E13: Yes | F13: Consumer | G13: BO | H13: Birla Opus | I13: Yes | J13: Exterior Emulsion | K13: Yes | L13: UV protection | M13: 3 | N13: 5 | O13: Pack Size | P13: Brand Name | Q13: Price Info | R13: 3 | S13: 1 | T13: No confusion reported | U13: 5
A14: 10 | B14: Ashok Bose | C14: 22-May-2025 | D14: Pune | E14: Yes | F14: Contractor | G14: BO | H14: Birla Opus | I14: Yes | J14: Wall Putty | K14: Yes | L14: Modern aesthetics | M14: 3 | N14: 3 | O14: Product Name | P14: Finish Level Icon | Q14: Warranty Badge | R14: 4 | S14: 1 | T14: No confusion reported | U14: 5
A15: 11 | B15: Ankit Malhotra | C15: 13-Apr-2025 | D15: Delhi | E15: Yes | F15: Dealer | G15: BO | H15: Birla Opus | I15: Yes | J15: Interior Emulsion | K15: Yes | L15: Dust resistance | M15: 5 | N15: 5 | O15: Finish Level Icon | P15: Pack Size | Q15: Price Info | R15: 4 | S15: 1 | T15: No confusion reported | U15: 5
A16: 12 | B16: Suresh Menon | C16: 15-Mar-2025 | D16: Hyderabad | E16: Yes | F16: Consumer | G16: JSW | H16: JSW Paints | I16: Yes | J16: Colour-Change Primer | K16: Yes | L16: Fragrant putty | M16: 3 | N16: 3 | O16: Product Name | P16: Brand Name | Q16: Usage Instructions | R16: 4 | S16: 4 | T16: SKU navigation unclear | U16: 2
... A44: 40 | B44: Pooja Dubey | C44: 16-Apr-2025 | D44: Kolkata | E44: Yes | F44: Contractor | G44: AP | H44: Asian Paints | I44: Yes | J44: Primer | K44: Yes | L44: Easy washable surface | M44: 4 | N44: 3 | O44: Eco Certifications | P44: Price Info | Q44: Usage Instructions | R44: 5 | S44: 1 | T44: No confusion reported | U44: 4
A45: =IF(B45<>"",ROW()-4,"")
A46: =IF(B46<>"",ROW()-4,"")
A47: =IF(B47<>"",ROW()-4,"")
A48: =IF(B48<>"",ROW()-4,"")
A49: =IF(B49<>"",ROW()-4,"")
A50: =IF(B50<>"",ROW()-4,"")
A51: =IF(B51<>"",ROW()-4,"")
A52: =IF(B52<>"",ROW()-4,"")
A53: =IF(B53<>"",ROW()-4,"")
A54: =IF(B54<>"",ROW()-4,"")
A55: =IF(B55<>"",ROW()-4,"")
A56: =IF(B56<>"",ROW()-4,"")
... A104: =IF(B104<>"",ROW()-4,"")

Sheet 📊 Scorecard
A1: COMMUNICATION HIERARCHY SCORECARD — Auto-calculated from Data Entry
A2: CHS = (Brand Recall×25%) + (Product ID×20%) + (Benefit Recall×25%) + (Ease of Understanding×15%) + (Purchase Confidence×15%) | Max = 100
A3: RESPONDENT | E3: BRAND RECALL (×25%, max 5) | F3: PRODUCT ID (×20%, max 5) | G3: BENEFIT RECALL (×25%, max 5) | H3: EASE (×15%, max 5) | I3: PURCHASE CONF (×15%, max 5) | J3: SCORES | L3: HIERARCHY PATTERN (Q5-Q7)
A4: 1 | B4: ='📋 Data Entry'!B5 -> Meera Malhotra | C4: ='📋 Data Entry'!D5 -> Nagpur | D4: ='📋 Data Entry'!G5 -> DP | E4: =IF('📋 Data Entry'!I5="Yes",5,0) -> 0 | F4: =IF('📋 Data Entry'!K5="Yes",5,0) -> 5 | G4: ='📋 Data Entry'!M5 -> 3 | H4: ='📋 Data Entry'!N5 -> 3 | I4: ='📋 Data Entry'!U5 -> 5 | J4: =IFERROR((E4*0.25 + F4*0.2 + G4*0.25 + H4*0.15 + I4*0.15)*20, "") -> 59 | K4: =IF(J4="","",IF(J4>=80,"A",IF(J4>=65,"B",IF(J4>=50,"C","D")))) -> C | L4: ='📋 Data Entry'!O5 -> Usage Instructions | M4: ='📋 Data Entry'!P5 -> Product Name | N4: ='📋 Data Entry'!Q5 -> Colour Swatch
A5: 2 | B5: ='📋 Data Entry'!B6 -> Arjun Desai | C5: ='📋 Data Entry'!D6 -> Chennai | D5: ='📋 Data Entry'!G6 -> BO | E5: =IF('📋 Data Entry'!I6="Yes",5,0) -> 5 | F5: =IF('📋 Data Entry'!K6="Yes",5,0) -> 5 | G5: ='📋 Data Entry'!M6 -> 5 | H5: ='📋 Data Entry'!N6 -> 5 | I5: ='📋 Data Entry'!U6 -> 4 | J5: =IFERROR((E5*0.25 + F5*0.2 + G5*0.25 + H5*0.15 + I5*0.15)*20, "") -> 97 | K5: =IF(J5="","",IF(J5>=80,"A",IF(J5>=65,"B",IF(J5>=50,"C","D")))) -> A | L5: ='📋 Data Entry'!O6 -> Warranty Badge | M5: ='📋 Data Entry'!P6 -> Feature Claims | N5: ='📋 Data Entry'!Q6 -> Eco Certifications
A6: 3 | B6: ='📋 Data Entry'!B7 -> Kiran Pillai | C6: ='📋 Data Entry'!D7 -> Hyderabad | D6: ='📋 Data Entry'!G7 -> BO | E6: =IF('📋 Data Entry'!I7="Yes",5,0) -> 5 | F6: =IF('📋 Data Entry'!K7="Yes",5,0) -> 5 | G6: ='📋 Data Entry'!M7 -> 3 | H6: ='📋 Data Entry'!N7 -> 5 | I6: ='📋 Data Entry'!U7 -> 5 | J6: =IFERROR((E6*0.25 + F6*0.2 + G6*0.25 + H6*0.15 + I6*0.15)*20, "") -> 90 | K6: =IF(J6="","",IF(J6>=80,"A",IF(J6>=65,"B",IF(J6>=50,"C","D")))) -> A | L6: ='📋 Data Entry'!O7 -> Pack Size | M6: ='📋 Data Entry'!P7 -> Warranty Badge | N6: ='📋 Data Entry'!Q7 -> Finish Level Icon
A7: 4 | B7: ='📋 Data Entry'!B8 -> Mohan Shah | C7: ='📋 Data Entry'!D8 -> Lucknow | D7: ='📋 Data Entry'!G8 -> JSW | E7: =IF('📋 Data Entry'!I8="Yes",5,0) -> 5 | F7: =IF('📋 Data Entry'!K8="Yes",5,0) -> 0 | G7: ='📋 Data Entry'!M8 -> 4 | H7: ='📋 Data Entry'!N8 -> 2 | I7: ='📋 Data Entry'!U8 -> 4 | J7: =IFERROR((E7*0.25 + F7*0.2 + G7*0.25 + H7*0.15 + I7*0.15)*20, "") -> 63 | K7: =IF(J7="","",IF(J7>=80,"A",IF(J7>=65,"B",IF(J7>=50,"C","D")))) -> C | L7: ='📋 Data Entry'!O8 -> Feature Claims | M7: ='📋 Data Entry'!P8 -> Usage Instructions | N7: ='📋 Data Entry'!Q8 -> Warranty Badge
A8: 5 | B8: ='📋 Data Entry'!B9 -> Meera Verma | C8: ='📋 Data Entry'!D9 -> Kolkata | D8: ='📋 Data Entry'!G9 -> DP | E8: =IF('📋 Data Entry'!I9="Yes",5,0) -> 5 | F8: =IF('📋 Data Entry'!K9="Yes",5,0) -> 0 | G8: ='📋 Data Entry'!M9 -> 3 | H8: ='📋 Data Entry'!N9 -> 3 | I8: ='📋 Data Entry'!U9 -> 5 | J8: =IFERROR((E8*0.25 + F8*0.2 + G8*0.25 + H8*0.15 + I8*0.15)*20, "") -> 64 | K8: =IF(J8="","",IF(J8>=80,"A",IF(J8>=65,"B",IF(J8>=50,"C","D")))) -> C | L8: ='📋 Data Entry'!O9 -> Eco Certifications | M8: ='📋 Data Entry'!P9 -> Price Info | N8: ='📋 Data Entry'!Q9 -> Finish Level Icon
A9: 6 | B9: ='📋 Data Entry'!B10 -> Pooja Desai | C9: ='📋 Data Entry'!D10 -> Ahmedabad | D9: ='📋 Data Entry'!G10 -> AP | E9: =IF('📋 Data Entry'!I10="Yes",5,0) -> 5 | F9: =IF('📋 Data Entry'!K10="Yes",5,0) -> 5 | G9: ='📋 Data Entry'!M10 -> 3 | H9: ='📋 Data Entry'!N10 -> 3 | I9: ='📋 Data Entry'!U10 -> 3 | J9: =IFERROR((E9*0.25 + F9*0.2 + G9*0.25 + H9*0.15 + I9*0.15)*20, "") -> 78 | K9: =IF(J9="","",IF(J9>=80,"A",IF(J9>=65,"B",IF(J9>=50,"C","D")))) -> B | L9: ='📋 Data Entry'!O10 -> Warranty Badge | M9: ='📋 Data Entry'!P10 -> Finish Level Icon | N9: ='📋 Data Entry'!Q10 -> Usage Instructions
A10: 7 | B10: ='📋 Data Entry'!B11 -> Bharat Singh | C10: ='📋 Data Entry'!D11 -> Lucknow | D10: ='📋 Data Entry'!G11 -> AP | E10: =IF('📋 Data Entry'!I11="Yes",5,0) -> 5 | F10: =IF('📋 Data Entry'!K11="Yes",5,0) -> 5 | G10: ='📋 Data Entry'!M11 -> 3 | H10: ='📋 Data Entry'!N11 -> 3 | I10: ='📋 Data Entry'!U11 -> 4 | J10: =IFERROR((E10*0.25 + F10*0.2 + G10*0.25 + H10*0.15 + I10*0.15)*20, "") -> 81 | K10: =IF(J10="","",IF(J10>=80,"A",IF(J10>=65,"B",IF(J10>=50,"C","D")))) -> A | L10: ='📋 Data Entry'!O11 -> Pack Size | M10: ='📋 Data Entry'!P11 -> Brand Name | N10: ='📋 Data Entry'!Q11 -> Product Name
A11: 8 | B11: ='📋 Data Entry'!B12 -> Priya Iyer | C11: ='📋 Data Entry'!D12 -> Kolkata | D11: ='📋 Data Entry'!G12 -> BO | E11: =IF('📋 Data Entry'!I12="Yes",5,0) -> 5 | F11: =IF('📋 Data Entry'!K12="Yes",5,0) -> 0 | G11: ='📋 Data Entry'!M12 -> 3 | H11: ='📋 Data Entry'!N12 -> 4 | I11: ='📋 Data Entry'!U12 -> 5 | J11: =IFERROR((E11*0.25 + F11*0.2 + G11*0.25 + H11*0.15 + I11*0.15)*20, "") -> 67 | K11: =IF(J11="","",IF(J11>=80,"A",IF(J11>=65,"B",IF(J11>=50,"C","D")))) -> B | L11: ='📋 Data Entry'!O12 -> Feature Claims | M11: ='📋 Data Entry'!P12 -> Usage Instructions | N11: ='📋 Data Entry'!Q12 -> Finish Level Icon
A12: 9 | B12: ='📋 Data Entry'!B13 -> Deepak Yadav | C12: ='📋 Data Entry'!D13 -> Delhi | D12: ='📋 Data Entry'!G13 -> BO | E12: =IF('📋 Data Entry'!I13="Yes",5,0) -> 5 | F12: =IF('📋 Data Entry'!K13="Yes",5,0) -> 5 | G12: ='📋 Data Entry'!M13 -> 3 | H12: ='📋 Data Entry'!N13 -> 5 | I12: ='📋 Data Entry'!U13 -> 5 | J12: =IFERROR((E12*0.25 + F12*0.2 + G12*0.25 + H12*0.15 + I12*0.15)*20, "") -> 90 | K12: =IF(J12="","",IF(J12>=80,"A",IF(J12>=65,"B",IF(J12>=50,"C","D")))) -> A | L12: ='📋 Data Entry'!O13 -> Pack Size | M12: ='📋 Data Entry'!P13 -> Brand Name | N12: ='📋 Data Entry'!Q13 -> Price Info
A13: 10 | B13: ='📋 Data Entry'!B14 -> Ashok Bose | C13: ='📋 Data Entry'!D14 -> Pune | D13: ='📋 Data Entry'!G14 -> BO | E13: =IF('📋 Data Entry'!I14="Yes",5,0) -> 5 | F13: =IF('📋 Data Entry'!K14="Yes",5,0) -> 5 | G13: ='📋 Data Entry'!M14 -> 3 | H13: ='📋 Data Entry'!N14 -> 3 | I13: ='📋 Data Entry'!U14 -> 5 | J13: =IFERROR((E13*0.25 + F13*0.2 + G13*0.25 + H13*0.15 + I13*0.15)*20, "") -> 84 | K13: =IF(J13="","",IF(J13>=80,"A",IF(J13>=65,"B",IF(J13>=50,"C","D")))) -> A | L13: ='📋 Data Entry'!O14 -> Product Name | M13: ='📋 Data Entry'!P14 -> Finish Level Icon | N13: ='📋 Data Entry'!Q14 -> Warranty Badge
A14: 11 | B14: ='📋 Data Entry'!B15 -> Ankit Malhotra | C14: ='📋 Data Entry'!D15 -> Delhi | D14: ='📋 Data Entry'!G15 -> BO | E14: =IF('📋 Data Entry'!I15="Yes",5,0) -> 5 | F14: =IF('📋 Data Entry'!K15="Yes",5,0) -> 5 | G14: ='📋 Data Entry'!M15 -> 5 | H14: ='📋 Data Entry'!N15 -> 5 | I14: ='📋 Data Entry'!U15 -> 5 | J14: =IFERROR((E14*0.25 + F14*0.2 + G14*0.25 + H14*0.15 + I14*0.15)*20, "") -> 100 | K14: =IF(J14="","",IF(J14>=80,"A",IF(J14>=65,"B",IF(J14>=50,"C","D")))) -> A | L14: ='📋 Data Entry'!O15 -> Finish Level Icon | M14: ='📋 Data Entry'!P15 -> Pack Size | N14: ='📋 Data Entry'!Q15 -> Price Info
A15: 12 | B15: ='📋 Data Entry'!B16 -> Suresh Menon | C15: ='📋 Data Entry'!D16 -> Hyderabad | D15: ='📋 Data Entry'!G16 -> JSW | E15: =IF('📋 Data Entry'!I16="Yes",5,0) -> 5 | F15: =IF('📋 Data Entry'!K16="Yes",5,0) -> 5 | G15: ='📋 Data Entry'!M16 -> 3 | H15: ='📋 Data Entry'!N16 -> 3 | I15: ='📋 Data Entry'!U16 -> 2 | J15: =IFERROR((E15*0.25 + F15*0.2 + G15*0.25 + H15*0.15 + I15*0.15)*20, "") -> 75 | K15: =IF(J15="","",IF(J15>=80,"A",IF(J15>=65,"B",IF(J15>=50,"C","D")))) -> B | L15: ='📋 Data Entry'!O16 -> Product Name | M15: ='📋 Data Entry'!P16 -> Brand Name | N15: ='📋 Data Entry'!Q16 -> Usage Instructions
... A43: 40 | B43: ='📋 Data Entry'!B44 -> Pooja Dubey | C43: ='📋 Data Entry'!D44 -> Kolkata | D43: ='📋 Data Entry'!G44 -> AP | E43: =IF('📋 Data Entry'!I44="Yes",5,0) -> 5 | F43: =IF('📋 Data Entry'!K44="Yes",5,0) -> 5 | G43: ='📋 Data Entry'!M44 -> 4 | H43: ='📋 Data Entry'!N44 -> 3 | I43: ='📋 Data Entry'!U44 -> 4 | J43: =IFERROR((E43*0.25 + F43*0.2 + G43*0.25 + H43*0.15 + I43*0.15)*20, "") -> 86 | K43: =IF(J43="","",IF(J43>=80,"A",IF(J43>=65,"B",IF(J43>=50,"C","D")))) -> A | L43: ='📋 Data Entry'!O44 -> Eco Certifications | M43: ='📋 Data Entry'!P44 -> Price Info | N43: ='📋 Data Entry'!Q44 -> Usage Instructions
A44: ='📋 Data Entry'!A44 -> 40 | B44: ='📋 Data Entry'!B44 -> Pooja Dubey | C44: ='📋 Data Entry'!D44 -> Kolkata | D44: ='📋 Data Entry'!G44 -> AP | E44: =IF('📋 Data Entry'!I44="Yes",5,IF('📋 Data Entry'!I44="No",0,"")) -> 5 | F44: =IF('📋 Data Entry'!K44="Yes",5,IF('📋 Data Entry'!K44="No",0,"")) -> 5 | G44: =IFERROR(VALUE(LEFT('📋 Data Entry'!M44,FIND(" ",'📋 Data Entry'!M44)-1)),"") | H44: ='📋 Data Entry'!N44 -> 3 | I44: ='📋 Data Entry'!U44 -> 4 | J44: =IFERROR(ROUND((E44/5*25)+(F44/5*20)+(G44/5*25)+(H44/5*15)+(I44/5*15),1),"") | K44: =IF(J44="","",IF(J44>=80,"Excellent",IF(J44>=65,"Good",IF(J44>=50,"Average","Weak")))) | L44: ='📋 Data Entry'!O44 -> Eco Certifications | M44: ='📋 Data Entry'!P44 -> Price Info | N44: ='📋 Data Entry'!Q44 -> Usage Instructions
A45: ='📋 Data Entry'!A45 | B45: ='📋 Data Entry'!B45 -> 0 | C45: ='📋 Data Entry'!D45 -> 0 | D45: ='📋 Data Entry'!G45 -> 0 | E45: =IF('📋 Data Entry'!I45="Yes",5,IF('📋 Data Entry'!I45="No",0,"")) | F45: =IF('📋 Data Entry'!K45="Yes",5,IF('📋 Data Entry'!K45="No",0,"")) | G45: =IFERROR(VALUE(LEFT('📋 Data Entry'!M45,FIND(" ",'📋 Data Entry'!M45)-1)),"") | H45: ='📋 Data Entry'!N45 -> 0 | I45: ='📋 Data Entry'!U45 -> 0 | J45: =IFERROR(ROUND((E45/5*25)+(F45/5*20)+(G45/5*25)+(H45/5*15)+(I45/5*15),1),"") | K45: =IF(J45="","",IF(J45>=80,"Excellent",IF(J45>=65,"Good",IF(J45>=50,"Average","Weak")))) | L45: ='📋 Data Entry'!O45 -> 0 | M45: ='📋 Data Entry'!P45 -> 0 | N45: ='📋 Data Entry'!Q45 -> 0
A46: ='📋 Data Entry'!A46 | B46: ='📋 Data Entry'!B46 -> 0 | C46: ='📋 Data Entry'!D46 -> 0 | D46: ='📋 Data Entry'!G46 -> 0 | E46: =IF('📋 Data Entry'!I46="Yes",5,IF('📋 Data Entry'!I46="No",0,"")) | F46: =IF('📋 Data Entry'!K46="Yes",5,IF('📋 Data Entry'!K46="No",0,"")) | G46: =IFERROR(VALUE(LEFT('📋 Data Entry'!M46,FIND(" ",'📋 Data Entry'!M46)-1)),"") | H46: ='📋 Data Entry'!N46 -> 0 | I46: ='📋 Data Entry'!U46 -> 0 | J46: =IFERROR(ROUND((E46/5*25)+(F46/5*20)+(G46/5*25)+(H46/5*15)+(I46/5*15),1),"") | K46: =IF(J46="","",IF(J46>=80,"Excellent",IF(J46>=65,"Good",IF(J46>=50,"Average","Weak")))) | L46: ='📋 Data Entry'!O46 -> 0 | M46: ='📋 Data Entry'!P46 -> 0 | N46: ='📋 Data Entry'!Q46 -> 0
A47: ='📋 Data Entry'!A47 | B47: ='📋 Data Entry'!B47 -> 0 | C47: ='📋 Data Entry'!D47 -> 0 | D47: ='📋 Data Entry'!G47 -> 0 | E47: =IF('📋 Data Entry'!I47="Yes",5,IF('📋 Data Entry'!I47="No",0,"")) | F47: =IF('📋 Data Entry'!K47="Yes",5,IF('📋 Data Entry'!K47="No",0,"")) | G47: =IFERROR(VALUE(LEFT('📋 Data Entry'!M47,FIND(" ",'📋 Data Entry'!M47)-1)),"") | H47: ='📋 Data Entry'!N47 -> 0 | I47: ='📋 Data Entry'!U47 -> 0 | J47: =IFERROR(ROUND((E47/5*25)+(F47/5*20)+(G47/5*25)+(H47/5*15)+(I47/5*15),1),"") | K47: =IF(J47="","",IF(J47>=80,"Excellent",IF(J47>=65,"Good",IF(J47>=50,"Average","Weak")))) | L47: ='📋 Data Entry'!O47 -> 0 | M47: ='📋 Data Entry'!P47 -> 0 | N47: ='📋 Data Entry'!Q47 -> 0
A48: ='📋 Data Entry'!A48 | B48: ='📋 Data Entry'!B48 -> 0 | C48: ='📋 Data Entry'!D48 -> 0 | D48: ='📋 Data Entry'!G48 -> 0 | E48: =IF('📋 Data Entry'!I48="Yes",5,IF('📋 Data Entry'!I48="No",0,"")) | F48: =IF('📋 Data Entry'!K48="Yes",5,IF('📋 Data Entry'!K48="No",0,"")) | G48: =IFERROR(VALUE(LEFT('📋 Data Entry'!M48,FIND(" ",'📋 Data Entry'!M48)-1)),"") | H48: ='📋 Data Entry'!N48 -> 0 | I48: ='📋 Data Entry'!U48 -> 0 | J48: =IFERROR(ROUND((E48/5*25)+(F48/5*20)+(G48/5*25)+(H48/5*15)+(I48/5*15),1),"") | K48: =IF(J48="","",IF(J48>=80,"Excellent",IF(J48>=65,"Good",IF(J48>=50,"Average","Weak")))) | L48: ='📋 Data Entry'!O48 -> 0 | M48: ='📋 Data Entry'!P48 -> 0 | N48: ='📋 Data Entry'!Q48 -> 0
A49: ='📋 Data Entry'!A49 | B49: ='📋 Data Entry'!B49 -> 0 | C49: ='📋 Data Entry'!D49 -> 0 | D49: ='📋 Data Entry'!G49 -> 0 | E49: =IF('📋 Data Entry'!I49="Yes",5,IF('📋 Data Entry'!I49="No",0,"")) | F49: =IF('📋 Data Entry'!K49="Yes",5,IF('📋 Data Entry'!K49="No",0,"")) | G49: =IFERROR(VALUE(LEFT('📋 Data Entry'!M49,FIND(" ",'📋 Data Entry'!M49)-1)),"") | H49: ='📋 Data Entry'!N49 -> 0 | I49: ='📋 Data Entry'!U49 -> 0 | J49: =IFERROR(ROUND((E49/5*25)+(F49/5*20)+(G49/5*25)+(H49/5*15)+(I49/5*15),1),"") | K49: =IF(J49="","",IF(J49>=80,"Excellent",IF(J49>=65,"Good",IF(J49>=50,"Average","Weak")))) | L49: ='📋 Data Entry'!O49 -> 0 | M49: ='📋 Data Entry'!P49 -> 0 | N49: ='📋 Data Entry'!Q49 -> 0
A50: ='📋 Data Entry'!A50 | B50: ='📋 Data Entry'!B50 -> 0 | C50: ='📋 Data Entry'!D50 -> 0 | D50: ='📋 Data Entry'!G50 -> 0 | E50: =IF('📋 Data Entry'!I50="Yes",5,IF('📋 Data Entry'!I50="No",0,"")) | F50: =IF('📋 Data Entry'!K50="Yes",5,IF('📋 Data Entry'!K50="No",0,"")) | G50: =IFERROR(VALUE(LEFT('📋 Data Entry'!M50,FIND(" ",'📋 Data Entry'!M50)-1)),"") | H50: ='📋 Data Entry'!N50 -> 0 | I50: ='📋 Data Entry'!U50 -> 0 | J50: =IFERROR(ROUND((E50/5*25)+(F50/5*20)+(G50/5*25)+(H50/5*15)+(I50/5*15),1),"") | K50: =IF(J50="","",IF(J50>=80,"Excellent",IF(J50>=65,"Good",IF(J50>=50,"Average","Weak")))) | L50: ='📋 Data Entry'!O50 -> 0 | M50: ='📋 Data Entry'!P50 -> 0 | N50: ='📋 Data Entry'!Q50 -> 0
A51: ='📋 Data Entry'!A51 | B51: ='📋 Data Entry'!B51 -> 0 | C51: ='📋 Data Entry'!D51 -> 0 | D51: ='📋 Data Entry'!G51 -> 0 | E51: =IF('📋 Data Entry'!I51="Yes",5,IF('📋 Data Entry'!I51="No",0,"")) | F51: =IF('📋 Data Entry'!K51="Yes",5,IF('📋 Data Entry'!K51="No",0,"")) | G51: =IFERROR(VALUE(LEFT('📋 Data Entry'!M51,FIND(" ",'📋 Data Entry'!M51)-1)),"") | H51: ='📋 Data Entry'!N51 -> 0 | I51: ='📋 Data Entry'!U51 -> 0 | J51: =IFERROR(ROUND((E51/5*25)+(F51/5*20)+(G51/5*25)+(H51/5*15)+(I51/5*15),1),"") | K51: =IF(J51="","",IF(J51>=80,"Excellent",IF(J51>=65,"Good",IF(J51>=50,"Average","Weak")))) | L51: ='📋 Data Entry'!O51 -> 0 | M51: ='📋 Data Entry'!P51 -> 0 | N51: ='📋 Data Entry'!Q51 -> 0
A52: ='📋 Data Entry'!A52 | B52: ='📋 Data Entry'!B52 -> 0 | C52: ='📋 Data Entry'!D52 -> 0 | D52: ='📋 Data Entry'!G52 -> 0 | E52: =IF('📋 Data Entry'!I52="Yes",5,IF('📋 Data Entry'!I52="No",0,"")) | F52: =IF('📋 Data Entry'!K52="Yes",5,IF('📋 Data Entry'!K52="No",0,"")) | G52: =IFERROR(VALUE(LEFT('📋 Data Entry'!M52,FIND(" ",'📋 Data Entry'!M52)-1)),"") | H52: ='📋 Data Entry'!N52 -> 0 | I52: ='📋 Data Entry'!U52 -> 0 | J52: =IFERROR(ROUND((E52/5*25)+(F52/5*20)+(G52/5*25)+(H52/5*15)+(I52/5*15),1),"") | K52: =IF(J52="","",IF(J52>=80,"Excellent",IF(J52>=65,"Good",IF(J52>=50,"Average","Weak")))) | L52: ='📋 Data Entry'!O52 -> 0 | M52: ='📋 Data Entry'!P52 -> 0 | N52: ='📋 Data Entry'!Q52 -> 0
A53: ='📋 Data Entry'!A53 | B53: ='📋 Data Entry'!B53 -> 0 | C53: ='📋 Data Entry'!D53 -> 0 | D53: ='📋 Data Entry'!G53 -> 0 | E53: =IF('📋 Data Entry'!I53="Yes",5,IF('📋 Data Entry'!I53="No",0,"")) | F53: =IF('📋 Data Entry'!K53="Yes",5,IF('📋 Data Entry'!K53="No",0,"")) | G53: =IFERROR(VALUE(LEFT('📋 Data Entry'!M53,FIND(" ",'📋 Data Entry'!M53)-1)),"") | H53: ='📋 Data Entry'!N53 -> 0 | I53: ='📋 Data Entry'!U53 -> 0 | J53: =IFERROR(ROUND((E53/5*25)+(F53/5*20)+(G53/5*25)+(H53/5*15)+(I53/5*15),1),"") | K53: =IF(J53="","",IF(J53>=80,"Excellent",IF(J53>=65,"Good",IF(J53>=50,"Average","Weak")))) | L53: ='📋 Data Entry'!O53 -> 0 | M53: ='📋 Data Entry'!P53 -> 0 | N53: ='📋 Data Entry'!Q53 -> 0
A54: ='📋 Data Entry'!A54 | B54: ='📋 Data Entry'!B54 -> 0 | C54: ='📋 Data Entry'!D54 -> 0 | D54: ='📋 Data Entry'!G54 -> 0 | E54: =IF('📋 Data Entry'!I54="Yes",5,IF('📋 Data Entry'!I54="No",0,"")) | F54: =IF('📋 Data Entry'!K54="Yes",5,IF('📋 Data Entry'!K54="No",0,"")) | G54: =IFERROR(VALUE(LEFT('📋 Data Entry'!M54,FIND(" ",'📋 Data Entry'!M54)-1)),"") | H54: ='📋 Data Entry'!N54 -> 0 | I54: ='📋 Data Entry'!U54 -> 0 | J54: =IFERROR(ROUND((E54/5*25)+(F54/5*20)+(G54/5*25)+(H54/5*15)+(I54/5*15),1),"") | K54: =IF(J54="","",IF(J54>=80,"Excellent",IF(J54>=65,"Good",IF(J54>=50,"Average","Weak")))) | L54: ='📋 Data Entry'!O54 -> 0 | M54: ='📋 Data Entry'!P54 -> 0 | N54: ='📋 Data Entry'!Q54 -> 0
A55: ='📋 Data Entry'!A55 | B55: ='📋 Data Entry'!B55 -> 0 | C55: ='📋 Data Entry'!D55 -> 0 | D55: ='📋 Data Entry'!G55 -> 0 | E55: =IF('📋 Data Entry'!I55="Yes",5,IF('📋 Data Entry'!I55="No",0,"")) | F55: =IF('📋 Data Entry'!K55="Yes",5,IF('📋 Data Entry'!K55="No",0,"")) | G55: =IFERROR(VALUE(LEFT('📋 Data Entry'!M55,FIND(" ",'📋 Data Entry'!M55)-1)),"") | H55: ='📋 Data Entry'!N55 -> 0 | I55: ='📋 Data Entry'!U55 -> 0 | J55: =IFERROR(ROUND((E55/5*25)+(F55/5*20)+(G55/5*25)+(H55/5*15)+(I55/5*15),1),"") | K55: =IF(J55="","",IF(J55>=80,"Excellent",IF(J55>=65,"Good",IF(J55>=50,"Average","Weak")))) | L55: ='📋 Data Entry'!O55 -> 0 | M55: ='📋 Data Entry'!P55 -> 0 | N55: ='📋 Data Entry'!Q55 -> 0
... A104: ='📋 Data Entry'!A104 | B104: ='📋 Data Entry'!B104 -> 0 | C104: ='📋 Data Entry'!D104 -> 0 | D104: ='📋 Data Entry'!G104 -> 0 | E104: =IF('📋 Data Entry'!I104="Yes",5,IF('📋 Data Entry'!I104="No",0,"")) | F104: =IF('📋 Data Entry'!K104="Yes",5,IF('📋 Data Entry'!K104="No",0,"")) | G104: =IFERROR(VALUE(LEFT('📋 Data Entry'!M104,FIND(" ",'📋 Data Entry'!M104)-1)),"") | H104: ='📋 Data Entry'!N104 -> 0 | I104: ='📋 Data Entry'!U104 -> 0 | J104: =IFERROR(ROUND((E104/5*25)+(F104/5*20)+(G104/5*25)+(H104/5*15)+(I104/5*15),1),"") | K104: =IF(J104="","",IF(J104>=80,"Excellent",IF(J104>=65,"Good",IF(J104>=50,"Average","Weak")))) | L104: ='📋 Data Entry'!O104 -> 0 | M104: ='📋 Data Entry'!P104 -> 0 | N104: ='📋 Data Entry'!Q104 -> 0

Sheet 📈 Brand Summary
A1: BRAND SUMMARY — Average Scores per Brand
A2: All scores auto-calculated using AVERAGEIF from Scorecard. Higher CHS = better packaging communication.
A3: Brand | B3: n (responses) | C3: Brand Recall (/5) | D3: Product ID (/5) | E3: Benefit Recall (/5) | F3: Ease (/5) | G3: Purchase Conf (/5) | H3: CHS (/100) | I3: Grade | J3: Strongest Parameter | K3: Weakest Parameter
A4: Asian Paints | B4: =COUNTIF('📊 Scorecard'!D5:D104,"Asian Paints") -> 0 | C4: =IFERROR(ROUND(AVERAGEIF('📊 Scorecard'!D5:D104,"Asian Paints",'📊 Scorecard'!E5:E104),1),"") | D4: =IFERROR(ROUND(AVERAGEIF('📊 Scorecard'!D5:D104,"Asian Paints",'📊 Scorecard'!F5:F104),1),"") | E4: =IFERROR(ROUND(AVERAGEIF('📊 Scorecard'!D5:D104,"Asian Paints",'📊 Scorecard'!G5:G104),1),"") | F4: =IFERROR(ROUND(AVERAGEIF('📊 Scorecard'!D5:D104,"Asian Paints",'📊 Scorecard'!H5:H104),1),"") | G4: =IFERROR(ROUND(AVERAGEIF('📊 Scorecard'!D5:D104,"Asian Paints",'📊 Scorecard'!I5:I104),1),"") | H4: =IFERROR(ROUND(AVERAGEIF('📊 Scorecard'!D5:D104,"Asian Paints",'📊 Scorecard'!J5:J104),1),"") | I4: =IF(H4="","",IF(H4>=80,"Excellent",IF(H4>=65,"Good",IF(H4>=50,"Average","Weak")))) | J4: =IFERROR(INDEX({"Brand Recall","Product ID","Benefit Recall","Ease","Purchase Conf"},MATCH(MAX(C4:G4),C4:G4,0)),"") | K4: =IFERROR(INDEX({"Brand Recall","Product ID","Benefit Recall","Ease","Purchase Conf"},MATCH(MIN(C4:G4),C4:G4,0)),"")
A5: Birla Opus | B5: =COUNTIF('📊 Scorecard'!D5:D104,"Birla Opus") -> 0 | C5: =IFERROR(ROUND(AVERAGEIF('📊 Scorecard'!D5:D104,"Birla Opus",'📊 Scorecard'!E5:E104),1),"") | D5: =IFERROR(ROUND(AVERAGEIF('📊 Scorecard'!D5:D104,"Birla Opus",'📊 Scorecard'!F5:F104),1),"") | E5: =IFERROR(ROUND(AVERAGEIF('📊 Scorecard'!D5:D104,"Birla Opus",'📊 Scorecard'!G5:G104),1),"") | F5: =IFERROR(ROUND(AVERAGEIF('📊 Scorecard'!D5:D104,"Birla Opus",'📊 Scorecard'!H5:H104),1),"") | G5: =IFERROR(ROUND(AVERAGEIF('📊 Scorecard'!D5:D104,"Birla Opus",'📊 Scorecard'!I5:I104),1),"") | H5: =IFERROR(ROUND(AVERAGEIF('📊 Scorecard'!D5:D104,"Birla Opus",'📊 Scorecard'!J5:J104),1),"") | I5: =IF(H5="","",IF(H5>=80,"Excellent",IF(H5>=65,"Good",IF(H5>=50,"Average","Weak")))) | J5: =IFERROR(INDEX({"Brand Recall","Product ID","Benefit Recall","Ease","Purchase Conf"},MATCH(MAX(C5:G5),C5:G5,0)),"") | K5: =IFERROR(INDEX({"Brand Recall","Product ID","Benefit Recall","Ease","Purchase Conf"},MATCH(MIN(C5:G5),C5:G5,0)),"")
A6: Dulux Paints | B6: =COUNTIF('📊 Scorecard'!D5:D104,"Dulux Paints") -> 0 | C6: =IFERROR(ROUND(AVERAGEIF('📊 Scorecard'!D5:D104,"Dulux Paints",'📊 Scorecard'!E5:E104),1),"") | D6: =IFERROR(ROUND(AVERAGEIF('📊 Scorecard'!D5:D104,"Dulux Paints",'📊 Scorecard'!F5:F104),1),"") | E6: =IFERROR(ROUND(AVERAGEIF('📊 Scorecard'!D5:D104,"Dulux Paints",'📊 Scorecard'!G5:G104),1),"") | F6: =IFERROR(ROUND(AVERAGEIF('📊 Scorecard'!D5:D104,"Dulux Paints",'📊 Scorecard'!H5:H104),1),"") | G6: =IFERROR(ROUND(AVERAGEIF('📊 Scorecard'!D5:D104,"Dulux Paints",'📊 Scorecard'!I5:I104),1),"") | H6: =IFERROR(ROUND(AVERAGEIF('📊 Scorecard'!D5:D104,"Dulux Paints",'📊 Scorecard'!J5:J104),1),"") | I6: =IF(H6="","",IF(H6>=80,"Excellent",IF(H6>=65,"Good",IF(H6>=50,"Average","Weak")))) | J6: =IFERROR(INDEX({"Brand Recall","Product ID","Benefit Recall","Ease","Purchase Conf"},MATCH(MAX(C6:G6),C6:G6,0)),"") | K6: =IFERROR(INDEX({"Brand Recall","Product ID","Benefit Recall","Ease","Purchase Conf"},MATCH(MIN(C6:G6),C6:G6,0)),"")
A7: JSW Paints | B7: =COUNTIF('📊 Scorecard'!D5:D104,"JSW Paints") -> 0 | C7: =IFERROR(ROUND(AVERAGEIF('📊 Scorecard'!D5:D104,"JSW Paints",'📊 Scorecard'!E5:E104),1),"") | D7: =IFERROR(ROUND(AVERAGEIF('📊 Scorecard'!D5:D104,"JSW Paints",'📊 Scorecard'!F5:F104),1),"") | E7: =IFERROR(ROUND(AVERAGEIF('📊 Scorecard'!D5:D104,"JSW Paints",'📊 Scorecard'!G5:G104),1),"") | F7: =IFERROR(ROUND(AVERAGEIF('📊 Scorecard'!D5:D104,"JSW Paints",'📊 Scorecard'!H5:H104),1),"") | G7: =IFERROR(ROUND(AVERAGEIF('📊 Scorecard'!D5:D104,"JSW Paints",'📊 Scorecard'!I5:I104),1),"") | H7: =IFERROR(ROUND(AVERAGEIF('📊 Scorecard'!D5:D104,"JSW Paints",'📊 Scorecard'!J5:J104),1),"") | I7: =IF(H7="","",IF(H7>=80,"Excellent",IF(H7>=65,"Good",IF(H7>=50,"Average","Weak")))) | J7: =IFERROR(INDEX({"Brand Recall","Product ID","Benefit Recall","Ease","Purchase Conf"},MATCH(MAX(C7:G7),C7:G7,0)),"") | K7: =IFERROR(INDEX({"Brand Recall","Product ID","Benefit Recall","Ease","Purchase Conf"},MATCH(MIN(C7:G7),C7:G7,0)),"")
A9: RANKING | C9: =IFERROR(RANK(C4:C7,C4:C7,0),"") | D9: =IFERROR(RANK(D4:D7,D4:D7,0),"") | E9: =IFERROR(RANK(E4:E7,E4:E7,0),"") | F9: =IFERROR(RANK(F4:F7,F4:F7,0),"") | G9: =IFERROR(RANK(G4:G7,G4:G7,0),"") | H9: =IFERROR(INDEX($A$4:$A$7,MATCH(MAX(H4:H7),H4:H7,0))&" leads","")
A12: NOTICE ORDER PATTERN — What observers see first / second / third
A13: Element Noticed | B13: 1st Count | C13: 2nd Count | D13: 3rd Count | E13: 1st % | F13: 2nd % | G13: 3rd %
A14: Brand Name | B14: =COUNTIF('📊 Scorecard'!L5:L104,"Brand Name") -> 1 | C14: =COUNTIF('📊 Scorecard'!M5:M104,"Brand Name") -> 3 | D14: =COUNTIF('📊 Scorecard'!N5:N104,"Brand Name") -> 6 | E14: =IFERROR(ROUND(B14/COUNTA('📊 Scorecard'!A5:A104)*100,1)&"%","") -> 1% | F14: =IFERROR(ROUND(C14/COUNTA('📊 Scorecard'!A5:A104)*100,1)&"%","") -> 3% | G14: =IFERROR(ROUND(D14/COUNTA('📊 Scorecard'!A5:A104)*100,1)&"%","") -> 6%
A15: Product Name | B15: =COUNTIF('📊 Scorecard'!L5:L104,"Product Name") -> 4 | C15: =COUNTIF('📊 Scorecard'!M5:M104,"Product Name") -> 3 | D15: =COUNTIF('📊 Scorecard'!N5:N104,"Product Name") -> 3 | E15: =IFERROR(ROUND(B15/COUNTA('📊 Scorecard'!A5:A104)*100,1)&"%","") -> 4% | F15: =IFERROR(ROUND(C15/COUNTA('📊 Scorecard'!A5:A104)*100,1)&"%","") -> 3% | G15: =IFERROR(ROUND(D15/COUNTA('📊 Scorecard'!A5:A104)*100,1)&"%","") -> 3%
A16: Benefit Claim | B16: =COUNTIF('📊 Scorecard'!L5:L104,"Benefit Claim") -> 0 | C16: =COUNTIF('📊 Scorecard'!M5:M104,"Benefit Claim") -> 0 | D16: =COUNTIF('📊 Scorecard'!N5:N104,"Benefit Claim") -> 0 | E16: =IFERROR(ROUND(B16/COUNTA('📊 Scorecard'!A5:A104)*100,1)&"%","") -> 0% | F16: =IFERROR(ROUND(C16/COUNTA('📊 Scorecard'!A5:A104)*100,1)&"%","") -> 0% | G16: =IFERROR(ROUND(D16/COUNTA('📊 Scorecard'!A5:A104)*100,1)&"%","") -> 0%
A17: Product Image | B17: =COUNTIF('📊 Scorecard'!L5:L104,"Product Image") -> 0 | C17: =COUNTIF('📊 Scorecard'!M5:M104,"Product Image") -> 0 | D17: =COUNTIF('📊 Scorecard'!N5:N104,"Product Image") -> 0 | E17: =IFERROR(ROUND(B17/COUNTA('📊 Scorecard'!A5:A104)*100,1)&"%","") -> 0% | F17: =IFERROR(ROUND(C17/COUNTA('📊 Scorecard'!A5:A104)*100,1)&"%","") -> 0% | G17: =IFERROR(ROUND(D17/COUNTA('📊 Scorecard'!A5:A104)*100,1)&"%","") -> 0%
A18: Colour | B18: =COUNTIF('📊 Scorecard'!L5:L104,"Colour") -> 0 | C18: =COUNTIF('📊 Scorecard'!M5:M104,"Colour") -> 0 | D18: =COUNTIF('📊 Scorecard'!N5:N104,"Colour") -> 0 | E18: =IFERROR(ROUND(B18/COUNTA('📊 Scorecard'!A5:A104)*100,1)&"%","") -> 0% | F18: =IFERROR(ROUND(C18/COUNTA('📊 Scorecard'!A5:A104)*100,1)&"%","") -> 0% | G18: =IFERROR(ROUND(D18/COUNTA('📊 Scorecard'!A5:A104)*100,1)&"%","") -> 0%
A19: Other | B19: =COUNTIF('📊 Scorecard'!L5:L104,"Other") -> 0 | C19: =COUNTIF('📊 Scorecard'!M5:M104,"Other") -> 0 | D19: =COUNTIF('📊 Scorecard'!N5:N104,"Other") -> 0 | E19: =IFERROR(ROUND(B19/COUNTA('📊 Scorecard'!A5:A104)*100,1)&"%","") -> 0% | F19: =IFERROR(ROUND(C19/COUNTA('📊 Scorecard'!A5:A104)*100,1)&"%","") -> 0% | G19: =IFERROR(ROUND(D19/COUNTA('📊 Scorecard'!A5:A104)*100,1)&"%","") -> 0%
